{"camera_matrix": [[8290.673183936178, 0.0, 917.4650858934525], [0.0, 8285.191333209563, 771.3731353591767], [0.0, 0.0, 1.0]], "dist_coeffs": [[0.29202242811384105, -7.661039057774227, -0.002712033698413774, -0.008753764108737572, -0.35543838812126916]]}