{"camera_matrix": [[17335.022365220197, 0.0, 1140.4687994467406], [0.0, 17242.99904237518, 888.4144060871121], [0.0, 0.0, 1.0]], "dist_coeffs": [[0.5992944491069112, -0.0014838081560052865, 0.007322064725134228, 0.047994433715837545, -7.192525005454421e-05]]}